[{"img":"","name":"mosab","id":10000,"department":"rrr","salary":30000.0,"age":"20"},{"img":"","name":"mostafa","id":"10001","department":"Dermatologist","salary":"2900.0","age":"19"},{"img":"","name":"kamel","id":10002,"department":"dintest","salary":4700.0,"age":"30"},{"img":"C:\\Users\\Mosab M. Zaafan\\OneDrive\\Desktop\\Hospital System\\WhatsApp Image 2024-05-21 at 16.42.02_f4c26966.jpg","name":"mosab","id":10004,"department":"Doc","salary":4000.0,"age":"20"},{"img":"C:\\Users\\Mosab M. Zaafan\\OneDrive\\Desktop\\Hospital System\\pexels-simon-robben-55958-614810.jpg","name":"mohamed","id":10005,"department":"doc","salary":3000.0,"age":"23"}]